Bfield_G,f_atom_MHz,f_mol_MHz,
,23.17753,23.2018,24.27
,22.5792,22.7434,164.2
,23.025,23.07,45
,22.84594,22.926,
