Bfield_G,f_atom_MHz,f_mol_MHz
,27.13565,27.0836
,27.24251,27.20096
,27.4479,27.4215
,26.823,26.722
,26.6125,26.4612
,26.3964,26.16863